time,displacement,acceleration
0.0000,0.00108413,-0.32063209
0.0100,0.00213974,-0.52698987
0.0200,0.00314287,-0.70731519
0.0300,0.00407555,-0.85395457
0.0400,0.00492316,-0.96104330
0.0500,0.00567504,-1.02480954
0.0600,0.00632480,-1.04376587
0.0700,0.00687056,-1.01877831
0.0800,0.00731478,-0.95300899
0.0900,0.00766399,-0.85173569
0.1000,0.00792827,-0.72205798
0.1100,0.00812051,-0.57250584
0.1200,0.00825559,-0.41257193
0.1300,0.00834941,-0.25219257
0.1400,0.00841793,-0.10120561
0.1500,0.00847618,0.03118582
0.1600,0.00853733,0.13691455
0.1700,0.00861188,0.20948883
0.1800,0.00870708,0.24434619
0.1900,0.00882637,0.23910265
0.2000,0.00896923,0.19368389
0.2100,0.00913115,0.11033135
0.2200,0.00930382,-0.00651727
0.2300,0.00947561,-0.15046645
0.2400,0.00963220,-0.31350751
0.2500,0.00975735,-0.48645103
0.2600,0.00983386,-0.65942357
0.2700,0.00984451,-0.82240212
0.2800,0.00977308,-0.96575740
0.2900,0.00960531,-1.08077682
0.3000,0.00932976,-1.16013887
0.3100,0.00893855,-1.19831346
0.3200,0.00842787,-1.19186659
0.3300,0.00779839,-1.13965293
0.3400,0.00705532,-1.04288585
0.3500,0.00620830,-0.90508120
0.3600,0.00527107,-0.73187775
0.3700,0.00426088,-0.53074378
0.3800,0.00319778,-0.31058583
0.3900,0.00210370,-0.08128030
0.4000,0.00100148,0.14684678
0.4100,-0.00008615,0.36356388
0.4200,-0.00113760,0.55927296
0.4300,-0.00213337,0.72551413
0.4400,-0.00305689,0.85540914
0.4500,-0.00389522,0.94401970
0.4600,-0.00463951,0.98860162
0.4700,-0.00528532,0.98874093
0.4800,-0.00583260,0.94636499
0.4900,-0.00628557,0.86562776
0.5000,-0.00665224,0.75267574
0.5100,-0.00694385,0.61530707
0.5200,-0.00717406,0.46254218
0.5300,-0.00735806,0.30412931
0.5400,-0.00751162,0.15001131
0.5500,-0.00765005,0.00978270
0.5600,-0.00778732,-0.10783391
0.5700,-0.00793512,-0.19546382
0.5800,-0.00810217,-0.24748286
0.5900,-0.00829364,-0.26032519
0.6000,-0.00851081,-0.23267942
0.6100,-0.00875091,-0.16556266
0.6200,-0.00900727,-0.06226848
0.6300,-0.00926959,0.07180858
0.6400,-0.00952454,0.22946234
0.6500,-0.00975642,0.40206270
0.6600,-0.00994804,0.58002080
0.6700,-0.01008171,0.75330674
0.6800,-0.01014016,0.91199179
0.6900,-0.01010762,1.04678609
0.7000,-0.00997066,1.14954277
0.7100,-0.00971907,1.21370138
0.7200,-0.00934648,1.23464676
0.7300,-0.00885080,1.20996402
0.7400,-0.00823450,1.13957577
0.7500,-0.00750461,1.02575432
0.7600,-0.00667247,0.87300807
0.7700,-0.00575330,0.68784814
0.7800,-0.00476555,0.47844776
0.7900,-0.00373007,0.25421277
0.8000,-0.00266922,0.02528610
0.8100,-0.00160579,-0.19798698
0.8200,-0.00056202,-0.40560425
0.8300,0.00044139,-0.58843323
0.8400,0.00138622,-0.73869095
0.8500,0.00225752,-0.85035099
0.8600,0.00304413,-0.91945601
0.8700,0.00373917,-0.94431903
0.8800,0.00434013,-0.92560258
0.8900,0.00484888,-0.86627173
0.9000,0.00527130,-0.77142337
0.9100,0.00561681,-0.64800117
0.9200,0.00589770,-0.50441153
0.9300,0.00612823,-0.35006124
0.9400,0.00632376,-0.19484176
0.9500,0.00649973,-0.04858807
0.9600,0.00667070,0.07945896
0.9700,0.00684938,0.18115755
0.9800,0.00704591,0.24991018
0.9900,0.00726712,0.28102496
1.0000,0.00751609,0.27197373
1.0100,0.00779192,0.22253291
1.0200,0.00808968,0.13479956
1.0300,0.00840064,0.01308179
1.0400,0.00871268,-0.13633071
1.0500,0.00901092,-0.30550361
1.0600,0.00927852,-0.48528425
1.0700,0.00949759,-0.66579433
1.0800,0.00965015,-0.83696262
1.0900,0.00971918,-0.98906884
1.1000,0.00968953,-1.11326956
1.1100,0.00954885,-1.20207776
1.1200,0.00928831,-1.24977024
1.1300,0.00890316,-1.25270092
1.1400,0.00839313,-1.20950319
1.1500,0.00776253,-1.12117026
1.1600,0.00702016,-0.99100938
1.1700,0.00617899,-0.82447205
1.1800,0.00525562,-0.62886963
1.1900,0.00426953,-0.41298927
1.2000,0.00324223,-0.18663109
1.2100,0.00219626,0.03990879
1.2200,0.00115421,0.25638149
1.2300,0.00013762,0.45312574
1.2400,-0.00083388,0.62157639
1.2500,-0.00174353,0.75471372
1.2600,-0.00257804,0.84742951
1.2700,-0.00332817,0.89679014
1.2800,-0.00398899,0.90218274
1.2900,-0.00455994,0.86533654
1.3000,-0.00504468,0.79021832
1.3100,-0.00545066,0.68280766
1.3200,-0.00578858,0.55076423
1.3300,-0.00607154,0.40300488
1.3400,-0.00631426,0.24921363
1.3500,-0.00653202,0.09931073
1.3600,-0.00673974,-0.03709050
1.3700,-0.00695098,-0.15120965
1.3800,-0.00717710,-0.23557994
1.3900,-0.00742647,-0.28445749
1.4000,-0.00770397,-0.29413721
1.4100,-0.00801054,-0.26315836
1.4200,-0.00834309,-0.19238845
1.4300,-0.00869457,-0.08498119
1.4400,-0.00905429,0.05378945
1.4500,-0.00940843,0.21681011
1.4600,-0.00974075,0.39550866
1.4700,-0.01003348,0.58031433
1.4800,-0.01026820,0.76117226
1.4900,-0.01042693,0.92808514
1.5000,-0.01049304,1.07165256
1.5100,-0.01045225,1.18357912
1.5200,-0.01029342,1.25712396
1.5300,-0.01000924,1.28746747
1.5400,-0.00959670,1.27197549
1.5500,-0.00905735,1.21034668
1.5600,-0.00839733,1.10463510
1.5700,-0.00762717,0.95914690
1.5800,-0.00676139,0.78021641
1.5900,-0.00581779,0.57587376
1.6000,-0.00481674,0.35542191
1.6100,-0.00378020,0.12894569
1.6200,-0.00273073,-0.09322077
1.6300,-0.00169046,-0.30103951
1.6400,-0.00068009,-0.48529803
1.6500,0.00028200,-0.63809376
1.6600,0.00118060,-0.75324783
1.6700,0.00200423,-0.82662599
1.6800,0.00274556,-0.85634936
1.6900,0.00340161,-0.84288374
1.7000,0.00397371,-0.78900292
1.7100,0.00446721,-0.69962779
1.7200,0.00489099,-0.58155013
1.7300,0.00525678,-0.44305595
1.7400,0.00557836,-0.29346874
1.7500,0.00587060,-0.14263720
1.7600,0.00614851,-0.00039520
1.7700,0.00642622,0.12397712
1.7800,0.00671612,0.22226180
1.7900,0.00702797,0.28775390
1.8000,0.00736828,0.31563025
1.8100,0.00773982,0.30321635
1.8200,0.00814134,0.25013685
1.8300,0.00856754,0.15834170
1.8400,0.00900930,0.03200638
1.8500,0.00945402,-0.12268850
1.8600,0.00988629,-0.29788619
1.8700,0.01028869,-0.48447392
1.8800,0.01064262,-0.67257142
1.8900,0.01092937,-0.85206162
1.9000,0.01113107,-1.01313496
1.9100,0.01123168,-1.14681810
1.9200,0.01121790,-1.24545841
1.9300,0.01107992,-1.30313839
1.9400,0.01081200,-1.31599747
1.9500,0.01041287,-1.28244408
1.9600,0.00988587,-1.20324635
1.9700,0.00923890,-1.08149675
1.9800,0.00848410,-0.92245230
1.9900,0.00763731,-0.73325908
2.0000,0.00671736,-0.52257581
2.0100,0.00574526,-0.30011657
2.0200,0.00474316,-0.07613743
2.0300,0.00373337,0.13910568
2.0400,0.00273734,0.33589853
2.0500,0.00177467,0.50558068
2.0600,0.00086228,0.64100046
2.0700,0.00001365,0.73688853
2.0800,-0.00076164,0.79012993
2.0900,-0.00145829,0.79992008
2.1000,-0.00207529,0.76779634
2.1100,-0.00261583,0.69754364
2.1200,-0.00308689,0.59497907
2.1300,-0.00349866,0.46762743
2.1400,-0.00386379,0.32430495
2.1500,-0.00419655,0.17463378
2.1600,-0.00451182,0.02851349
2.1700,-0.00482412,-0.10442207
2.1800,-0.00514669,-0.21533312
2.1900,-0.00549053,-0.29665916
2.2000,-0.00586375,-0.34253474
2.2100,-0.00627090,-0.34911352
2.2200,-0.00671261,-0.31478301
2.2300,-0.00718546,-0.24025843
2.2400,-0.00768204,-0.12855069
2.2500,-0.00819119,0.01519002
2.2600,-0.00869862,0.18394639
2.2700,-0.00918752,0.36920758
2.2800,-0.00963944,0.56142386
2.2900,-0.01003524,0.75051811
2.3000,-0.01035610,0.92642648
2.3100,-0.01058451,1.07963931
2.3200,-0.01070521,1.20171304
2.3300,-0.01070606,1.28572566
2.3400,-0.01057870,1.32665119
2.3500,-0.01031905,1.32163301
2.3600,-0.00992764,1.27014130
2.3700,-0.00940958,1.17400609
2.3800,-0.00877445,1.03732425
2.3900,-0.00803589,0.86624515
2.4000,-0.00721092,0.66864671
2.4100,-0.00631923,0.45371911
2.4200,-0.00538223,0.23147857
2.4300,-0.00442205,0.01223727
2.4400,-0.00346055,-0.19394210
2.4500,-0.00251825,-0.37777785
2.4600,-0.00161347,-0.53125832
2.4700,-0.00076152,-0.64806227
2.4800,0.00002598,-0.72388789
2.4900,0.00074144,-0.75667296
2.5000,0.00138159,-0.74669430
2.5100,0.00194741,-0.69654126
2.5200,0.00244387,-0.61096470
2.5300,0.00287948,-0.49660964
2.5400,0.00326559,-0.36164616
2.5500,0.00361564,-0.21531829
2.5600,0.00394417,-0.06743534
2.5700,0.00426588,0.07216686
2.5800,0.00459467,0.19416594
2.5900,0.00494265,0.29026484
2.6000,0.00531939,0.35364813
2.6100,0.00573118,0.37935807
2.6200,0.00618056,0.36457018
2.6300,0.00666606,0.30875347
2.6400,0.00718211,0.21370650
2.6500,0.00771923,0.08346760
2.6600,0.00826445,-0.07589637
2.6700,0.00880191,-0.25661095
2.6800,0.00931361,-0.44960789
2.6900,0.00978032,-0.64500922
2.7000,0.01018260,-0.83265583
2.7100,0.01050176,-1.00265205
2.7200,0.01072088,-1.14589683
2.7300,0.01082569,-1.25457319
2.7400,0.01080539,-1.32256934
2.7500,0.01065321,-1.34580900
2.7600,0.01036683,-1.32247306
2.7700,0.00994859,-1.25310069
2.7800,0.00940541,-1.14056431
2.7900,0.00874848,-0.98991998
2.8000,0.00799282,-0.80814095
2.8100,0.00715654,-0.60374894
2.8200,0.00625999,-0.38636276
2.8300,0.00532483,-0.16618855
2.8400,0.00437298,0.04652080
2.8500,0.00342565,0.24200835
2.8600,0.00250230,0.41152844
2.8700,0.00161982,0.54780719
2.8800,0.00079180,0.64542337
2.8900,0.00002797,0.70108928
2.9000,-0.00066610,0.71381644
2.9100,-0.00128915,0.68495738
2.9200,-0.00184401,0.61812138
2.9300,-0.00233733,0.51896852
2.9400,-0.00277897,0.39489348
2.9500,-0.00318125,0.25461597
2.9600,-0.00355812,0.10769998
2.9700,-0.00392420,-0.03597222
2.9800,-0.00429376,-0.16674306
2.9900,-0.00467982,-0.27571017
3.0000,-0.00509320,-0.35521599
3.0100,-0.00554181,-0.39926995
3.0200,-0.00603002,-0.40388054
3.0300,-0.00655827,-0.36727924
3.0400,-0.00712290,-0.29002433
3.0500,-0.00771623,-0.17497889
3.0600,-0.00832678,-0.02716407
3.0700,-0.00893982,0.14650436
3.0800,-0.00953808,0.33758224
3.0900,-0.01010251,0.53654623
3.1000,-0.01061330,0.73330184
3.1100,-0.01105086,0.91772310
3.1200,-0.01139684,1.08019473
3.1300,-0.01163505,1.21212770
3.1400,-0.01175236,1.30642050
3.1500,-0.01173939,1.35784119
3.1600,-0.01159102,1.36330980
3.1700,-0.01130671,1.32206581
3.1800,-0.01089057,1.23571166
3.1900,-0.01035120,1.10813007
3.2000,-0.00970131,0.94527944
3.2100,-0.00895713,0.75487838
3.2200,-0.00813761,0.54599633
3.2300,-0.00726356,0.32857230
3.2400,-0.00635665,0.11288739
3.2500,-0.00543834,-0.09098024
3.2600,-0.00452896,-0.27368903
3.2700,-0.00364670,-0.42712736
3.2800,-0.00280685,-0.54484028
3.2900,-0.00202115,-0.62236655
3.3000,-0.00129734,-0.65746812
3.3100,-0.00063892,-0.65023956
3.3200,-0.00004518,-0.60309171
3.3300,0.00048853,-0.52061057
3.3400,0.00097043,-0.40929890
3.3500,0.00141157,-0.27721465
3.3600,0.00182509,-0.13352573
3.3700,0.00222527,0.01199494
3.3800,0.00262658,0.14950686
3.3900,0.00304270,0.26964270
3.4000,0.00348557,0.36402353
3.4100,0.00396456,0.42572043
3.4200,0.00448582,0.44963778
3.4300,0.00505169,0.43279747
3.4400,0.00566050,0.37450870
3.4500,0.00630643,0.27641421
3.4600,0.00697969,0.14241031
3.4700,0.00766695,-0.02155491
3.4800,0.00835187,-0.20779451
3.4900,0.00901590,-0.40728983
3.5000,0.00963917,-0.61017010
3.5100,0.01020148,-0.80623865
3.5200,0.01068330,-0.98551744
3.5300,0.01106680,-1.13878074
3.5400,0.01133669,-1.25804915
3.5500,0.01148112,-1.33701742
3.5600,0.01149222,-1.37139311
3.5700,0.01136657,-1.35912780
3.5800,0.01110540,-1.30052852
3.5900,0.01071453,-1.19824321
3.6000,0.01020417,-1.05712119
3.6100,0.00958836,-0.88395603
3.6200,0.00888436,-0.68712456
3.6300,0.00811176,-0.47614159
3.6400,0.00729158,-0.26115411
3.6500,0.00644523,-0.05240226
3.6600,0.00559351,0.14032410
3.6700,0.00475561,0.30820383
3.6800,0.00394826,0.44385030
3.6900,0.00318499,0.54169946
3.7000,0.00247554,0.59829928
3.7100,0.00182556,0.61248515
3.7200,0.00123649,0.58543183
3.7300,0.00070564,0.52057922
3.7400,0.00022658,0.42343594
3.7500,-0.00021034,0.30127148
3.7600,-0.00061727,0.16271341
3.7700,-0.00100799,0.01727154
3.7800,-0.00139696,-0.12518551
3.7900,-0.00179834,-0.25497285
3.8000,-0.00222503,-0.36312192
3.8100,-0.00268779,-0.44187434
3.8200,-0.00319445,-0.48511037
3.8300,-0.00374928,-0.48868890
3.8400,-0.00435263,-0.45068055
3.8500,-0.00500071,-0.37148144
3.8600,-0.00568561,-0.25380117
3.8700,-0.00639562,-0.10252597
3.8800,-0.00711565,0.07553606
3.8900,-0.00782797,0.27201359
3.9000,-0.00851302,0.47741562
3.9100,-0.00915034,0.68163597
3.9200,-0.00971959,0.87449162
3.9300,-0.01020156,1.04626602
3.9400,-0.01057916,1.18822813
3.9500,-0.01083825,1.29309921
3.9600,-0.01096838,1.35544244
3.9700,-0.01096335,1.37195422
3.9800,-0.01082151,1.34164168
3.9900,-0.01054589,1.26587662
4.0000,-0.01014403,1.14832322
4.0100,-0.00962764,0.99474321
4.0200,-0.00901202,0.81268909
4.0300,-0.00831528,0.61110181
4.0400,-0.00755752,0.39983457
4.0500,-0.00675977,0.18912835
4.0600,-0.00594302,-0.01093269
4.0700,-0.00512720,-0.19095666
4.0800,-0.00433023,-0.34274144
4.0900,-0.00356725,-0.45970753
4.1000,-0.00284991,-0.53724304
4.1100,-0.00218594,-0.57294222
4.1200,-0.00157892,-0.56672492
4.1300,-0.00102823,-0.52083036
4.1400,-0.00052934,-0.43968587
4.1500,-0.00007417,-0.32965750
4.1600,0.00034820,-0.19869617
4.1700,0.00075081,-0.05589831
4.1800,0.00114784,0.08899525
4.1900,0.00155371,0.22613502
4.2000,0.00198204,0.34610454
4.2100,0.00244478,0.44043854
4.2200,0.00295128,0.50208991
4.2300,0.00350768,0.52582006
4.2400,0.00411631,0.50849168
4.2500,0.00477545,0.44924818
4.2600,0.00547917,0.34956996
4.2700,0.00621754,0.21320446
4.2800,0.00697697,0.04597376
4.2900,0.00774081,-0.14453000
4.3000,0.00849007,-0.34934514
4.3100,0.00920437,-0.55861524
4.3200,0.00986284,-0.76211275
4.3300,0.01044524,-0.94978345
4.3400,0.01093288,-1.11228224
4.3500,0.01130956,-1.24147161
4.3600,0.01156243,-1.33085602
4.3700,0.01168258,-1.37592877
4.3800,0.01166552,-1.37441267
4.3900,0.01151142,-1.32638173
4.4000,0.01122505,-1.23425716
4.4100,0.01081558,-1.10267801
4.4200,0.01029611,-0.93825334
4.4300,0.00968303,-0.74920925
4.4400,0.00899515,-0.54494979
4.4500,0.00825282,-0.33555533
4.4600,0.00747689,-0.13124533
4.4700,0.00668772,0.05816562
4.4800,0.00590416,0.22378914
4.4900,0.00514272,0.35813398
4.5000,0.00441678,0.45550101
4.5100,0.00373605,0.51228119
4.5200,0.00310621,0.52714054
4.5300,0.00252873,0.50108220
4.5400,0.00200105,0.43738220
4.5500,0.00151683,0.34140262
4.5600,0.00106655,0.22029214
4.5700,0.00063816,0.08259017
4.5800,0.00021796,-0.06224405
4.5900,-0.00020843,-0.20435200
4.6000,-0.00065516,-0.33401800
4.6100,-0.00113511,-0.44220366
4.6200,-0.00165903,-0.52104586
4.6300,-0.00223476,-0.56429139
4.6400,-0.00286659,-0.56764475
4.6500,-0.00355483,-0.52901043
4.6600,-0.00429562,-0.44861653
4.6700,-0.00508095,-0.32901292
4.6800,-0.00589889,-0.17494413
4.6900,-0.00673409,0.00689634
4.7000,-0.00756844,0.20821715
4.7100,-0.00838189,0.41956673
4.7200,-0.00915338,0.63083401
4.7300,-0.00986187,0.83178529
4.7400,-0.01048735,1.01260847
4.7500,-0.01101181,1.16443526
4.7600,-0.01142013,1.27981350
4.7700,-0.01170083,1.35310406
4.7800,-0.01184659,1.38078102
4.7900,-0.01185467,1.36161905
4.8000,-0.01172696,1.29675784
4.8100,-0.01146994,1.18964022
4.8200,-0.01109425,1.04582719
4.8300,-0.01061423,0.87269989
4.8400,-0.01004711,0.67906454
4.8500,-0.00941218,0.47468153
4.8600,-0.00872978,0.26974405
4.8700,-0.00802032,0.07433423
4.8800,-0.00730328,-0.10211388
4.8900,-0.00659621,-0.25131581
4.9000,-0.00591400,-0.36657546
4.9100,-0.00526812,-0.44313781
4.9200,-0.00466621,-0.47843652
4.9300,-0.00411179,-0.47222318
4.9400,-0.00360427,-0.42657128
4.9500,-0.00313911,-0.34575475
4.9600,-0.00270829,-0.23600769
4.9700,-0.00230089,-0.10517822
4.9800,-0.00190390,0.03770481
4.9900,-0.00150313,0.18292893
5.0000,-0.00108413,0.32063209
5.0100,-0.00063320,0.44134492
5.0200,-0.00013836,0.53651194
5.0300,0.00040987,0.59896355
5.0400,0.00101767,0.62331343
5.0500,0.00168745,0.60625987
5.0600,0.00241751,0.54677467
5.0700,0.00320190,0.44616959
5.0800,0.00403060,0.30803643
5.0900,0.00488983,0.13806415
5.1000,0.00576267,-0.05625732
5.1100,0.00662975,-0.26603066
5.1200,0.00747018,-0.48142105
5.1300,0.00826251,-0.69217704
5.1400,0.00898574,-0.88817455
5.1500,0.00962036,-1.05995466
5.1600,0.01014925,-1.19922640
5.1700,0.01055855,-1.29930743
5.1800,0.01083829,-1.35547896
5.1900,0.01098286,-1.36523592
5.2000,0.01099130,-1.32841875
5.2100,0.01086727,-1.24722001
5.2200,0.01061885,-1.12606515
5.2300,0.01025811,-0.97137418
5.2400,0.00980044,-0.79121681
5.2500,0.00926378,-0.59487972
5.2600,0.00866769,-0.39236926
5.2700,0.00803232,-0.19387630
5.2800,0.00737746,-0.00923191
5.2900,0.00672148,0.15261670
5.3000,0.00608050,0.28408193
5.3100,0.00546763,0.37933764
5.3200,0.00489237,0.43462547
5.3300,0.00436022,0.44844930
5.3400,0.00387257,0.42164726
5.3500,0.00342677,0.35733767
5.3600,0.00301644,0.26074165
5.3700,0.00263198,0.13889221
5.3800,0.00226126,0.00024537
5.3900,0.00189050,-0.14578564
5.4000,0.00150519,-0.28934796
5.4100,0.00109104,-0.42069059
5.4200,0.00063500,-0.53070058
5.4300,0.00012614,-0.61140503
5.4400,-0.00044357,-0.65641170
5.4500,-0.00107858,-0.66126466
5.4600,-0.00177936,-0.62369566
5.4700,-0.00254216,-0.54375752
5.4800,-0.00335900,-0.42383260
5.4900,-0.00421793,-0.26851554
5.5000,-0.00510346,-0.08437659
5.5100,-0.00599727,0.12038160
5.5200,-0.00687894,0.33635567
5.5300,-0.00772696,0.55343824
5.5400,-0.00851972,0.76135306
5.5500,-0.00923651,0.95019993
5.5600,-0.00985850,1.11098000
5.5700,-0.01036970,1.23607329
5.5800,-0.01075764,1.31964276
5.5900,-0.01101399,1.35794329
5.6000,-0.01113494,1.34951883
5.6100,-0.01112132,1.29527729
5.6200,-0.01097852,1.19843906
5.6300,-0.01071620,1.06436199
5.6400,-0.01034768,0.90025228
5.6500,-0.00988933,0.71477671
5.6600,-0.00935959,0.51759730
5.6700,-0.00877810,0.31885316
5.6800,-0.00816466,0.12861768
5.6900,-0.00753821,-0.04364000
5.7000,-0.00691590,-0.18956013
5.7100,-0.00631227,-0.30233701
5.7200,-0.00573855,-0.37707922
5.7300,-0.00520220,-0.41106617
5.7400,-0.00470662,-0.40388710
5.7500,-0.00425110,-0.35745517
5.7600,-0.00383102,-0.27589585
5.7700,-0.00343830,-0.16531575
5.7800,-0.00306193,-0.03346435
5.7900,-0.00268880,0.11069319
5.8000,-0.00230458,0.25746893
5.8100,-0.00189467,0.39698442
5.8200,-0.00144521,0.51971335
5.8300,-0.00094399,0.61700561
5.8400,-0.00038134,0.68156424
5.8500,0.00024915,0.70784980
5.8600,0.00095007,0.69239007
5.8700,0.00171987,0.63397857
5.8800,0.00255272,0.53375102
5.8900,0.00343863,0.39513563
5.9000,0.00436377,0.22367983
5.9100,0.00531107,0.02676258
5.9200,0.00626091,-0.18679210
5.9300,0.00719201,-0.40717989
5.9400,0.00808242,-0.62413406
5.9500,0.00891053,-0.82746886
5.9600,0.00965609,-1.00761908
5.9700,0.01030115,-1.15614686
5.9800,0.01083092,-1.26618859
5.9900,0.01123443,-1.33281779
6.0000,0.01150504,-1.35330448
6.0100,0.01164072,-1.32725723
6.0200,0.01164403,-1.25664019
6.0300,0.01152203,-1.14566421
6.0400,0.01128574,-1.00055795
6.0500,0.01094961,-0.82923125
6.0600,0.01053071,-0.64084903
6.0700,0.01004778,-0.44533845
6.0800,0.00952029,-0.25285598
6.0900,0.00896740,-0.07324301
6.1000,0.00840701,0.08450072
6.1100,0.00785482,0.21269760
6.1200,0.00732361,0.30540062
6.1300,0.00682261,0.35870794
6.1400,0.00635713,0.37096668
6.1500,0.00592841,0.34285497
6.1600,0.00553367,0.27733784
6.1700,0.00516639,0.17949950
6.1800,0.00481685,0.05626091
6.1900,0.00447279,-0.08400193
6.2000,0.00412026,-0.23191858
6.2100,0.00374457,-0.37763866
6.2200,0.00333121,-0.51137250
6.2300,0.00286689,-0.62392899
6.2400,0.00234042,-0.70722134
6.2500,0.00174353,-0.75471372
6.2600,0.00107150,-0.76178456
6.2700,0.00032366,-0.72598688
6.2800,-0.00049643,-0.64719172
6.2900,-0.00138089,-0.52760667
6.3000,-0.00231781,-0.37166864
6.3100,-0.00329165,-0.18581647
6.3200,-0.00428389,0.02184449
6.3300,-0.00527383,0.24196768
6.3400,-0.00623957,0.46445791
6.3500,-0.00715892,0.67900457
6.3600,-0.00801052,0.87562700
6.3700,-0.00877478,1.04520263
6.3800,-0.00943482,1.17994956
6.3900,-0.00997720,1.27383764
6.4000,-0.01039257,1.32290605
6.4100,-0.01067604,1.32547021
6.4200,-0.01082735,1.28220704
6.4300,-0.01085079,1.19611396
6.4400,-0.01075494,1.07234382
6.4500,-0.01055211,0.91792475
6.4600,-0.01025767,0.74137999
6.4700,-0.00988919,0.55226810
6.4800,-0.00946552,0.36066838
6.4900,-0.00900571,0.17663918
6.5000,-0.00852809,0.00967818
6.5100,-0.00804930,-0.13178629
6.5200,-0.00758341,-0.24084554
6.5300,-0.00714129,-0.31247816
6.5400,-0.00673008,-0.34381538
6.5500,-0.00635292,-0.33428974
6.5600,-0.00600885,-0.28565928
6.5700,-0.00569306,-0.20190578
6.5800,-0.00539722,-0.08901277
6.5900,-0.00511010,0.04536483
6.6000,-0.00481833,0.19232162
6.6100,-0.00450731,0.34219041
6.6200,-0.00416213,0.48507234
6.6300,-0.00376858,0.61137997
6.6400,-0.00331411,0.71236397
6.6500,-0.00278867,0.78059494
6.6600,-0.00218549,0.81037453
6.6700,-0.00150163,0.79805362
6.6800,-0.00073832,0.74224025
6.6900,0.00009885,0.64388630
6.7000,0.00100009,0.50624789
6.7100,0.00195166,0.33472183
6.7200,0.00293649,0.13656672
6.7300,0.00393482,-0.07947643
6.7400,0.00492514,-0.30364349
6.7500,0.00588511,-0.52566195
6.7600,0.00679261,-0.73529347
6.7700,0.00762678,-0.92287498
6.7800,0.00836891,-1.07982935
6.7900,0.00900337,-1.19911827
6.8000,0.00951828,-1.27561289
6.8100,0.00990601,-1.30636244
6.8200,0.01016349,-1.29074631
6.8300,0.01029227,-1.23050160
6.8400,0.01029833,-1.12962448
6.8500,0.01019173,-0.99415092
6.8600,0.00998593,-0.83182844
6.8700,0.00969710,-0.65169665
6.8800,0.00934317,-0.46359915
6.8900,0.00894286,-0.27765301
6.9000,0.00851468,-0.10370445
6.9100,0.00807596,0.04920000
6.9200,0.00764191,0.17329852
6.9300,0.00722490,0.26252892
6.9400,0.00683383,0.31285138
6.9500,0.00647369,0.32246144
6.9600,0.00614547,0.29188198
6.9700,0.00584612,0.22392921
6.9800,0.00556890,0.12355444
6.9900,0.00530381,-0.00242959
7.0000,0.00503834,-0.14572335
7.0100,0.00475823,-0.29699566
7.0200,0.00444844,-0.44639496
7.0300,0.00409410,-0.58408909
7.0400,0.00368153,-0.70080449
7.0500,0.00319913,-0.78833572
7.0600,0.00263818,-0.83999790
7.0700,0.00199358,-0.85099763
7.0800,0.00126425,-0.81870230
7.0900,0.00045340,-0.74279337
7.1000,-0.00043137,-0.62529516
7.1100,-0.00137837,-0.47047770
7.1200,-0.00237215,-0.28463861
7.1300,-0.00339420,-0.07577587
7.1400,-0.00442372,0.14683114
7.1500,-0.00543852,0.37310975
7.1600,-0.00641607,0.59272509
7.1700,-0.00733448,0.79562570
7.1800,-0.00817355,0.97257425
7.1900,-0.00891565,1.11563498
7.2000,-0.00954651,1.21859167
7.2100,-0.01005589,1.27727364
7.2200,-0.01043792,1.28977231
7.2300,-0.01069136,1.25653684
7.2400,-0.01081951,1.18034351
7.2500,-0.01082994,1.06614073
7.2600,-0.01073401,0.92077793
7.2700,-0.01054620,0.75263305
7.2800,-0.01028323,0.57115856
7.2900,-0.00996318,0.38637055
7.3000,-0.00960443,0.20830838
7.3100,-0.00922472,0.04649396
7.3200,-0.00884015,-0.09058026
7.3300,-0.00846437,-0.19590706
7.3400,-0.00810788,-0.26433934
7.3500,-0.00777749,-0.29286417
7.3600,-0.00747604,-0.28076114
7.3700,-0.00720234,-0.22963647
7.3800,-0.00695132,-0.14333127
7.3900,-0.00671438,-0.02770865
7.4000,-0.00648003,0.10966858
7.4100,-0.00623460,0.25995242
7.4200,-0.00596315,0.41349398
7.4300,-0.00565041,0.56037144
7.4400,-0.00528177,0.69093330
7.4500,-0.00484424,0.79632752
7.4600,-0.00432736,0.86898819
7.4700,-0.00372390,0.90305329
7.4800,-0.00303049,0.89469114
7.4900,-0.00224797,0.84231791
7.5000,-0.00138159,0.74669430
7.5100,-0.00044087,0.61089631
7.5200,0.00056064,0.44016144
7.5300,0.00160594,0.24161862
7.5400,0.00267524,0.02391629
7.5500,0.00374685,-0.20323139
7.5600,0.00479815,-0.42955586
7.5700,0.00580658,-0.64477558
7.5800,0.00675071,-0.83913850
7.5900,0.00761118,-1.00393638
7.6000,0.00837155,-1.13196342
7.6100,0.00901909,-1.21789457
7.6200,0.00954521,-1.25856317
7.6300,0.00994586,-1.25312308
7.6400,0.01022157,-1.20308666
7.6500,0.01037731,-1.11223644
7.6600,0.01042212,-0.98641548
7.6700,0.01036852,-0.83320764
7.6800,0.01023175,-0.66152488
7.6900,0.01002891,-0.48112406
7.7000,0.00977794,-0.30207903
7.7100,0.00949666,-0.13423661
7.7200,0.00920180,0.01331441
7.7300,0.00890803,0.13273256
7.7400,0.00862724,0.21784502
7.7500,0.00836792,0.26447826
7.7600,0.00813471,0.27068024
7.7700,0.00792824,0.23682227
7.7800,0.00774513,0.16557500
7.7900,0.00757831,0.06175986
7.8000,0.00741744,-0.06791598
7.8100,0.00724964,-0.21522688
7.8200,0.00706025,-0.37087837
7.8300,0.00683378,-0.52501508
7.8400,0.00655490,-0.66775938
7.8500,0.00620943,-0.78975189
7.8600,0.00578522,-0.88266454
7.8700,0.00527304,-0.93965875
7.8800,0.00466724,-0.95576384
7.8900,0.00396623,-0.92815522
7.9000,0.00317277,-0.85631762
7.9100,0.00229403,-0.74208409
7.9200,0.00134141,-0.58954901
7.9300,0.00033010,-0.40485942
7.9400,-0.00072149,-0.19589604
7.9500,-0.00179255,0.02813907
7.9600,-0.00286075,0.25720598
7.9700,-0.00390328,0.48095564
7.9800,-0.00489783,0.68927545
7.9900,-0.00582367,0.87282239
8.0000,-0.00666250,1.02351514
8.0100,-0.00739931,1.13495862
8.0200,-0.00802298,1.20277840
8.0300,-0.00852676,1.22484679
8.0400,-0.00890844,1.20138870
8.0500,-0.00917033,1.13496152
8.0600,-0.00931905,1.03031016
8.0700,-0.00936500,0.89410511
8.0800,-0.00932173,0.73457765
8.0900,-0.00920513,0.56107187
8.1000,-0.00903245,0.38353757
8.1100,-0.00882136,0.21199152
8.1200,-0.00858895,0.05597585
8.1300,-0.00835074,-0.07595713
8.1400,-0.00811986,-0.17670588
8.1500,-0.00790635,-0.24100178
8.1600,-0.00771661,-0.26569171
8.1700,-0.00755310,-0.24990591
8.1800,-0.00741426,-0.19510219
8.1900,-0.00729463,-0.10498398
8.2000,-0.00718525,0.01470320
8.2100,-0.00707421,0.15648599
8.2200,-0.00694742,0.31157122
8.2300,-0.00678943,0.47032556
8.2400,-0.00658447,0.62280128
8.2500,-0.00631736,0.75927939
8.2600,-0.00597454,0.87080126
8.2700,-0.00554490,0.94965975
8.2800,-0.00502062,0.98982369
8.2900,-0.00439772,0.98727251
8.3000,-0.00367646,0.94022316
8.3100,-0.00286154,0.84923700
8.3200,-0.00196205,0.71720082
8.3300,-0.00099114,0.54918295
8.3400,0.00003445,0.35217219
8.3500,0.00109509,0.13471346
8.3600,0.00216911,-0.09354021
8.3700,0.00323377,-0.32233541
8.3800,0.00426628,-0.54135842
8.3900,0.00524481,-0.74077880
8.4000,0.00614951,-0.91176707
8.4100,0.00696332,-1.04695902
8.4200,0.00767279,-1.14084141
8.4300,0.00826855,-1.19003859
8.4400,0.00874568,-1.19348452
8.4500,0.00910384,-1.15247114
8.4600,0.00934709,-1.07057043
8.4700,0.00948358,-0.95343440
8.4800,0.00952496,-0.80848391
8.4900,0.00948565,-0.64450300
8.5000,0.00938196,-0.47116064
8.5100,0.00923116,-0.29848567
8.5200,0.00905042,-0.13632319
8.5300,0.00885588,0.00619832
8.5400,0.00866173,0.12116050
8.5500,0.00847941,0.20228256
8.5600,0.00831701,0.24525983
8.5700,0.00817879,0.24799503
8.5800,0.00806504,0.21070992
8.5900,0.00797204,0.13593135
8.6000,0.00789237,0.02835235
8.6100,0.00781531,-0.10542413
8.6200,0.00772756,-0.25724506
8.6300,0.00761401,-0.41785140
8.6400,0.00745868,-0.57738239
8.6500,0.00724571,-0.72591304
8.6600,0.00696032,-0.85399564
8.6700,0.00658977,-0.95317638
8.6800,0.00612420,-1.01645902
8.6900,0.00555733,-1.03869066
8.7000,0.00488696,-1.01684896
8.7100,0.00411527,-0.95021502
8.7200,0.00324893,-0.84042285
8.7300,0.00229887,-0.69138247
8.7400,0.00127995,-0.50908089
8.7500,0.00021034,-0.30127148
8.7600,-0.00088926,-0.07706846
8.7700,-0.00199652,0.15353172
8.7800,-0.00308846,0.38017653
8.7900,-0.00414250,0.59270272
8.8000,-0.00513746,0.78167159
8.8100,-0.00605452,0.93886554
8.8200,-0.00687802,1.05771909
8.8300,-0.00759610,1.13366145
8.8400,-0.00820119,1.16435209
8.8500,-0.00869023,1.14979673
8.8600,-0.00906465,1.09233768
8.8700,-0.00933015,0.99651895
8.8800,-0.00949627,0.86883356
8.8900,-0.00957570,0.71736657
8.9000,-0.00958352,0.55135322
8.9100,-0.00953624,0.38067589
8.9200,-0.00945085,0.21532698
8.9300,-0.00934380,0.06486675
8.9400,-0.00923007,-0.06209486
8.9500,-0.00912229,-0.15836435
8.9600,-0.00903004,-0.21855378
8.9700,-0.00895933,-0.23937180
8.9800,-0.00891221,-0.21980105
8.9900,-0.00888674,-0.16115230
9.0000,-0.00887710,-0.06699248
9.0100,-0.00887390,0.05704962
9.0200,-0.00886481,0.20358933
9.0300,-0.00883525,0.36388750
9.0400,-0.00876926,0.52832555
9.0500,-0.00865049,0.68692858
9.0600,-0.00846316,0.82990851
9.0700,-0.00819304,0.94819779
9.0800,-0.00782838,1.03394508
9.0900,-0.00736064,1.08094612
9.1000,-0.00678517,1.08498657
9.1100,-0.00610157,1.04407832
9.1200,-0.00531394,0.95857649
9.1300,-0.00443081,0.83117082
9.1400,-0.00346486,0.66675180
9.1500,-0.00243249,0.47215868
9.1600,-0.00135309,0.25582288
9.1700,-0.00024820,0.02732593
9.1800,0.00085940,-0.20310435
9.1900,0.00194675,-0.42513247
9.2000,0.00299175,-0.62885957
9.2100,0.00397410,-0.80534450
9.2200,0.00487619,-0.94707333
9.2300,0.00568392,-1.04835244
9.2400,0.00638718,-1.10560390
9.2500,0.00698026,-1.11754733
9.2600,0.00746195,-1.08525863
9.2700,0.00783546,-1.01210231
9.2800,0.00810806,-0.90354131
9.2900,0.00829053,-0.76683437
9.3000,0.00839649,-0.61063749
9.3100,0.00844146,-0.44453086
9.3200,0.00844198,-0.27849672
9.3300,0.00841457,-0.12237644
9.3400,0.00837476,0.01466414
9.3500,0.00833619,0.12463219
9.3600,0.00830980,0.20114140
9.3700,0.00830321,0.23975820
9.3800,0.00832026,0.23824210
9.3900,0.00836081,0.19666710
9.4000,0.00842070,0.11741775
9.4100,0.00849206,0.00505992
9.4200,0.00856370,-0.13390655
9.4300,0.00862180,-0.29140022
9.4400,0.00865067,-0.45819630
9.4500,0.00863374,-0.62442730
9.4600,0.00855445,-0.78011904
9.4700,0.00839731,-0.91573316
9.4800,0.00814884,-1.02268700
9.4900,0.00779840,-1.09382265
9.5000,0.00733893,-1.12380016
9.5100,0.00676744,-1.10939341
9.5200,0.00608539,-1.04967293
9.5300,0.00529874,-0.94606562
9.5400,0.00441783,-0.80228816
9.5500,0.00345696,-0.62415766
9.5600,0.00243391,-0.41928959
9.5700,0.00136908,-0.19669928
9.5800,0.00028464,0.03367167
9.5900,-0.00079645,0.26147871
9.6000,-0.00185150,0.47651918
9.6100,-0.00285909,0.66926960
9.6200,-0.00380001,0.83138633
9.6300,-0.00465809,0.95614296
9.6400,-0.00542092,1.03878084
9.6500,-0.00608024,1.07675397
9.6600,-0.00663226,1.06985512
9.6700,-0.00707765,1.02021656
9.6800,-0.00742135,0.93218526
9.6900,-0.00767209,0.81207948
9.7000,-0.00784182,0.66783978
9.7100,-0.00794490,0.50859339
9.7200,-0.00799716,0.34415530
9.7300,-0.00801496,0.18449312
9.7400,-0.00801420,0.03918436
9.7500,-0.00800932,-0.08310452
9.7600,-0.00801250,-0.17508918
9.7700,-0.00803289,-0.23126343
9.7800,-0.00807608,-0.24819860
9.7900,-0.00814375,-0.22473039
9.8000,-0.00823357,-0.16202298
9.8100,-0.00833929,-0.06350695
9.8200,-0.00845111,0.06530558
9.8300,-0.00855620,0.21711870
9.8400,-0.00863947,0.38324731
9.8500,-0.00868436,0.55408731
9.8600,-0.00867390,0.71963611
9.8700,-0.00859160,0.87003539
9.8800,-0.00842249,0.99610687
9.8900,-0.00815405,1.08985231
9.9000,-0.00777694,1.14489075
9.9100,-0.00728571,1.15680934
9.9200,-0.00667917,1.12340907
9.9300,-0.00596067,1.04483189
9.9400,-0.00513804,0.92356247
9.9500,-0.00422338,0.76430443
9.9600,-0.00323254,0.57373756
9.9700,-0.00218453,0.36016924
9.9800,-0.00110061,0.13309844
9.9900,-0.00000341,-0.09728398
10.0000,0.00108413,-0.32063209
